<?xml version="1.0" encoding="UTF-8"?>
<project xsi:schemaLocation="http://maven.apache.org/POM/4.0.0 http://maven.apache.org/xsd/maven-4.0.0.xsd" xmlns="http://maven.apache.org/POM/4.0.0"
    xmlns:xsi="http://www.w3.org/2001/XMLSchema-instance">
  <modelVersion>4.0.0</modelVersion>
  <groupId>com.huawei.deviceProfile.deviceProfile</groupId>
  <artifactId>5720S</artifactId>
  <version>1.0.0-SNAPSHOT</version>
  <packaging>dar</packaging>
  <properties>
    <formatVersion>3</formatVersion>
    <sdkVersion>1.2.2.201710102135</sdkVersion>
  </properties>
  <dependencies>
    <dependency>
      <groupId>com.huawei.deviceProfile.feature</groupId>
      <artifactId>5720SChassis</artifactId>
      <version>1.0.0-SNAPSHOT</version>
      <type>feature</type>
    </dependency>
    <dependency>
      <groupId>com.huawei.deviceProfile.feature</groupId>
      <artifactId>5720SInterfaces</artifactId>
      <version>1.0.0-SNAPSHOT</version>
      <type>feature</type>
    </dependency>
    <dependency>
      <groupId>com.huawei.deviceProfile.feature</groupId>
      <artifactId>5720SLLDP</artifactId>
      <version>1.0.0-SNAPSHOT</version>
      <type>feature</type>
    </dependency>
    <dependency>
      <groupId>com.huawei.deviceProfile.deviceProfile</groupId>
      <artifactId>5720SBase</artifactId>
      <version>1.0.0-SNAPSHOT</version>
      <type>dar</type>
    </dependency>
    <dependency>
      <groupId>com.huawei.feature</groupId>
      <artifactId>s5700_cpu</artifactId>
      <version>${project.version}</version>
      <type>feature</type>
    </dependency>
    <dependency>
      <groupId>com.huawei.feature</groupId>
      <artifactId>s5700_memory</artifactId>
      <version>${project.version}</version>
      <type>feature</type>
    </dependency>
    <dependency>
      <groupId>com.huawei.feature</groupId>
      <artifactId>s5700_temperature</artifactId>
      <version>1.0.0-SNAPSHOT</version>
      <type>feature</type>
    </dependency>
    <dependency>
      <groupId>com.huawei.feature</groupId>
      <artifactId>huawei5720SConfig</artifactId>
      <version>1.0.0-SNAPSHOT</version>
      <type>feature</type>
    </dependency>
  </dependencies>
  <build>
    <plugins>
      <plugin>
        <groupId>com.cisco.xmp.sdk</groupId>
        <artifactId>xmp-maven-dar-plugin</artifactId>
        <version>1.1.15</version>
        <extensions>true</extensions>
      </plugin>
    </plugins>
  </build>
</project>
