<?xml version="1.0" encoding="UTF-8"?><package xmlns="http://www.cisco.com/cfr2" xmlns:xsi="http://www.w3.org/2001/XMLSchema-instance" packageId="com.huawei.xde.huawei5720SConfig" pdVersion="2" sdkVersion="3.3.24" xsi:schemaLocation="http://www.cisco.com/cfr2 xdePackage.xsd">
    <version>0</version>
    <requiredSDKVersion>0</requiredSDKVersion>
    <description/>
    <author/>
    <license/>
    <url><![CDATA[http://]]></url>
    <searchTags/>
    <packageDependency independentPackageId="system" requiredVersion="0"/>
</package>
