<?xml version="1.0" encoding="UTF-8" standalone="no"?><!--Copyright (c) 2019 by Cisco Systems, Inc. All rights reserved.--><project xmlns="http://maven.apache.org/POM/4.0.0" xmlns:xsi="http://www.w3.org/2001/XMLSchema-instance" xsi:schemaLocation="http://maven.apache.org/POM/4.0.0 http://maven.apache.org/xsd/maven-4.0.0.xsd">
  <modelVersion>4.0.0</modelVersion>
  <groupId>com.huawei.xde</groupId>
  <artifactId>huawei5720SConfig</artifactId>
  <version>1.0.0-SNAPSHOT</version>
  <packaging>xar</packaging>
  <description/>
  <build>
    <resources>
      <resource>
        <directory>${basedir}</directory>
        <excludes>
          <exclude>target</exclude>
        </excludes>
      </resource>
    </resources>
    <plugins>
      <plugin>
        <groupId>com.cisco.maven.plugins</groupId>
        <artifactId>device-package-maven-plugin</artifactId>
        <version>1.0.0</version>
        <extensions>true</extensions>
      </plugin>
    </plugins>
  </build>
</project>