<?xml version="1.0" encoding="UTF-8"?>
<project xsi:schemaLocation="http://maven.apache.org/POM/4.0.0 http://maven.apache.org/xsd/maven-4.0.0.xsd" xmlns="http://maven.apache.org/POM/4.0.0"
    xmlns:xsi="http://www.w3.org/2001/XMLSchema-instance">
  <modelVersion>4.0.0</modelVersion>
  <groupId>com.huawei.deviceProfile.deviceProfile</groupId>
  <artifactId>5720SBase</artifactId>
  <version>1.0.0-SNAPSHOT</version>
  <packaging>dar</packaging>
  <properties>
    <formatVersion>3</formatVersion>
    <sdkVersion>1.2.6.v20171213-2351</sdkVersion>
  </properties>
  <build>
    <plugins>
      <plugin>
        <groupId>com.cisco.xmp.sdk</groupId>
        <artifactId>xmp-maven-dar-plugin</artifactId>
        <version>1.1.15</version>
        <extensions>true</extensions>
      </plugin>
    </plugins>
  </build>
</project>
