<?xml version="1.0" encoding="UTF-8"?>
<project xsi:schemaLocation="http://maven.apache.org/POM/4.0.0 http://maven.apache.org/xsd/maven-4.0.0.xsd" xmlns="http://maven.apache.org/POM/4.0.0"
    xmlns:xsi="http://www.w3.org/2001/XMLSchema-instance">
  <modelVersion>4.0.0</modelVersion>
  <groupId>com.huawei.deviceProfile.xde.inventory</groupId>
  <artifactId>5720SChassis</artifactId>
  <version>1.0.0-SNAPSHOT</version>
  <packaging>xar</packaging>
  <description></description>
  <properties>
    <sdkVersion>1.2.3.201710161605</sdkVersion>
  </properties>
  <build>
    <resources>
      <resource>
        <directory>${basedir}</directory>
        <excludes>
          <exclude>target</exclude>
        </excludes>
      </resource>
    </resources>
    <plugins>
      <plugin>
        <groupId>com.cisco.xmp.sdk</groupId>
        <artifactId>xmp-maven-xar-plugin</artifactId>
        <version>1.0.4</version>
        <extensions>true</extensions>
      </plugin>
    </plugins>
  </build>
</project>
