<?xml version="1.0" encoding="UTF-8"?>
<project xsi:schemaLocation="http://maven.apache.org/POM/4.0.0 http://maven.apache.org/xsd/maven-4.0.0.xsd" xmlns="http://maven.apache.org/POM/4.0.0"
    xmlns:xsi="http://www.w3.org/2001/XMLSchema-instance">
  <modelVersion>4.0.0</modelVersion>
  <groupId>com.huawei.feature</groupId>
  <artifactId>huawei5720SConfig</artifactId>
  <version>1.0.0-SNAPSHOT</version>
  <packaging>feature</packaging>
  <dependencies>
    <dependency>
      <groupId>com.huawei.xde</groupId>
      <artifactId>huawei5720SConfig</artifactId>
      <version>1.0.0-SNAPSHOT</version>
      <type>xar</type>
    </dependency>
  </dependencies>
  <build>
    <plugins>
      <plugin>
        <groupId>com.cisco.maven.plugins</groupId>
        <artifactId>device-package-maven-plugin</artifactId>
        <version>1.0.0</version>
        <extensions>true</extensions>
      </plugin>
    </plugins>
  </build>
</project>
